checkpoint_code,observed_at,load_run_code,sku,product_name,location_code,website_available_quantity,calculated_on_hand_quantity,reserved_quantity,available_quantity,shortfall_quantity,availability_difference,difference_direction,opening_cutoff_at,website_snapshot_cutoff_at,website_copied_at,quality_status,website_quality_status
cp_d1_0100,2026-09-16 01:00:00+10:00,cp_d1_0100,PH-10231,Royal Canin Medium Adult Dry Dog Food,DC-MOO,,40,0,40,0,,,2026-09-16 00:00:00+10:00,,,valid,missing_copy
cp_d1_0100,2026-09-16 01:00:00+10:00,cp_d1_0100,PH-10231,Royal Canin Medium Adult Dry Dog Food,STR-CHA,,8,0,8,0,,,2026-09-16 00:00:00+10:00,,,valid,missing_copy
cp_d1_0100,2026-09-16 01:00:00+10:00,cp_d1_0100,PH-10231,Royal Canin Medium Adult Dry Dog Food,STR-PAR,,5,0,5,0,,,2026-09-16 00:00:00+10:00,,,valid,missing_copy
cp_d1_0100,2026-09-16 01:00:00+10:00,cp_d1_0100,PH-20455,KONG Classic Dog Toy Medium,STR-CHA,,4,0,4,0,,,2026-09-16 00:00:00+10:00,,,valid,missing_copy
cp_d1_0100,2026-09-16 01:00:00+10:00,cp_d1_0100,PH-20455,KONG Classic Dog Toy Medium,STR-PAR,,6,0,6,0,,,2026-09-16 00:00:00+10:00,,,valid,missing_copy
cp_d1_0100,2026-09-16 01:00:00+10:00,cp_d1_0100,PH-30710,Feline Greenies Dental Treats Chicken,STR-PAR,,12,0,12,0,,,2026-09-16 00:00:00+10:00,,,valid,missing_copy
cp_d1_0500,2026-09-16 05:00:00+10:00,cp_d1_0500,PH-10231,Royal Canin Medium Adult Dry Dog Food,DC-MOO,40,40,0,40,0,0,equal,2026-09-16 00:00:00+10:00,2026-09-16 00:00:00+10:00,2026-09-16 05:00:00+10:00,valid,valid
cp_d1_0500,2026-09-16 05:00:00+10:00,cp_d1_0500,PH-10231,Royal Canin Medium Adult Dry Dog Food,STR-CHA,8,8,0,8,0,0,equal,2026-09-16 00:00:00+10:00,2026-09-16 00:00:00+10:00,2026-09-16 05:00:00+10:00,valid,valid
cp_d1_0500,2026-09-16 05:00:00+10:00,cp_d1_0500,PH-10231,Royal Canin Medium Adult Dry Dog Food,STR-PAR,5,5,0,5,0,0,equal,2026-09-16 00:00:00+10:00,2026-09-16 00:00:00+10:00,2026-09-16 05:00:00+10:00,valid,valid
cp_d1_0500,2026-09-16 05:00:00+10:00,cp_d1_0500,PH-20455,KONG Classic Dog Toy Medium,STR-CHA,4,4,0,4,0,0,equal,2026-09-16 00:00:00+10:00,2026-09-16 00:00:00+10:00,2026-09-16 05:00:00+10:00,valid,valid
cp_d1_0500,2026-09-16 05:00:00+10:00,cp_d1_0500,PH-20455,KONG Classic Dog Toy Medium,STR-PAR,6,6,0,6,0,0,equal,2026-09-16 00:00:00+10:00,2026-09-16 00:00:00+10:00,2026-09-16 05:00:00+10:00,valid,valid
cp_d1_0500,2026-09-16 05:00:00+10:00,cp_d1_0500,PH-30710,Feline Greenies Dental Treats Chicken,STR-PAR,12,12,0,12,0,0,equal,2026-09-16 00:00:00+10:00,2026-09-16 00:00:00+10:00,2026-09-16 05:00:00+10:00,valid,valid
cp_d1_0930,2026-09-16 09:30:00+10:00,cp_d1_0930,PH-10231,Royal Canin Medium Adult Dry Dog Food,DC-MOO,40,40,0,40,0,0,equal,2026-09-16 00:00:00+10:00,2026-09-16 00:00:00+10:00,2026-09-16 05:00:00+10:00,valid,valid
cp_d1_0930,2026-09-16 09:30:00+10:00,cp_d1_0930,PH-10231,Royal Canin Medium Adult Dry Dog Food,STR-CHA,8,8,0,8,0,0,equal,2026-09-16 00:00:00+10:00,2026-09-16 00:00:00+10:00,2026-09-16 05:00:00+10:00,valid,valid
cp_d1_0930,2026-09-16 09:30:00+10:00,cp_d1_0930,PH-10231,Royal Canin Medium Adult Dry Dog Food,STR-PAR,4,5,1,4,0,0,equal,2026-09-16 00:00:00+10:00,2026-09-16 00:00:00+10:00,2026-09-16 05:00:00+10:00,valid,valid
cp_d1_0930,2026-09-16 09:30:00+10:00,cp_d1_0930,PH-20455,KONG Classic Dog Toy Medium,STR-CHA,4,4,0,4,0,0,equal,2026-09-16 00:00:00+10:00,2026-09-16 00:00:00+10:00,2026-09-16 05:00:00+10:00,valid,valid
cp_d1_0930,2026-09-16 09:30:00+10:00,cp_d1_0930,PH-20455,KONG Classic Dog Toy Medium,STR-PAR,6,6,0,6,0,0,equal,2026-09-16 00:00:00+10:00,2026-09-16 00:00:00+10:00,2026-09-16 05:00:00+10:00,valid,valid
cp_d1_0930,2026-09-16 09:30:00+10:00,cp_d1_0930,PH-30710,Feline Greenies Dental Treats Chicken,STR-PAR,12,12,0,12,0,0,equal,2026-09-16 00:00:00+10:00,2026-09-16 00:00:00+10:00,2026-09-16 05:00:00+10:00,valid,valid
cp_d1_1400,2026-09-16 14:00:00+10:00,cp_d1_1400,PH-10231,Royal Canin Medium Adult Dry Dog Food,DC-MOO,40,40,0,40,0,0,equal,2026-09-16 00:00:00+10:00,2026-09-16 00:00:00+10:00,2026-09-16 05:00:00+10:00,valid,valid
cp_d1_1400,2026-09-16 14:00:00+10:00,cp_d1_1400,PH-10231,Royal Canin Medium Adult Dry Dog Food,STR-CHA,8,8,0,8,0,0,equal,2026-09-16 00:00:00+10:00,2026-09-16 00:00:00+10:00,2026-09-16 05:00:00+10:00,valid,valid
cp_d1_1400,2026-09-16 14:00:00+10:00,cp_d1_1400,PH-10231,Royal Canin Medium Adult Dry Dog Food,STR-PAR,4,1,1,0,0,4,website overstates,2026-09-16 00:00:00+10:00,2026-09-16 00:00:00+10:00,2026-09-16 05:00:00+10:00,valid,valid
cp_d1_1400,2026-09-16 14:00:00+10:00,cp_d1_1400,PH-20455,KONG Classic Dog Toy Medium,STR-CHA,4,3,0,3,0,1,website overstates,2026-09-16 00:00:00+10:00,2026-09-16 00:00:00+10:00,2026-09-16 05:00:00+10:00,valid,valid
cp_d1_1400,2026-09-16 14:00:00+10:00,cp_d1_1400,PH-20455,KONG Classic Dog Toy Medium,STR-PAR,6,6,0,6,0,0,equal,2026-09-16 00:00:00+10:00,2026-09-16 00:00:00+10:00,2026-09-16 05:00:00+10:00,valid,valid
cp_d1_1400,2026-09-16 14:00:00+10:00,cp_d1_1400,PH-30710,Feline Greenies Dental Treats Chicken,STR-PAR,12,12,0,12,0,0,equal,2026-09-16 00:00:00+10:00,2026-09-16 00:00:00+10:00,2026-09-16 05:00:00+10:00,valid,valid
cp_d1_1500,2026-09-16 15:00:00+10:00,cp_d1_1500,PH-10231,Royal Canin Medium Adult Dry Dog Food,DC-MOO,40,40,0,40,0,0,equal,2026-09-16 00:00:00+10:00,2026-09-16 00:00:00+10:00,2026-09-16 05:00:00+10:00,valid,valid
cp_d1_1500,2026-09-16 15:00:00+10:00,cp_d1_1500,PH-10231,Royal Canin Medium Adult Dry Dog Food,STR-CHA,8,8,0,8,0,0,equal,2026-09-16 00:00:00+10:00,2026-09-16 00:00:00+10:00,2026-09-16 05:00:00+10:00,valid,valid
cp_d1_1500,2026-09-16 15:00:00+10:00,cp_d1_1500,PH-10231,Royal Canin Medium Adult Dry Dog Food,STR-PAR,4,1,1,0,0,4,website overstates,2026-09-16 00:00:00+10:00,2026-09-16 00:00:00+10:00,2026-09-16 05:00:00+10:00,valid,valid
cp_d1_1500,2026-09-16 15:00:00+10:00,cp_d1_1500,PH-20455,KONG Classic Dog Toy Medium,STR-CHA,4,3,0,3,0,1,website overstates,2026-09-16 00:00:00+10:00,2026-09-16 00:00:00+10:00,2026-09-16 05:00:00+10:00,valid,valid
cp_d1_1500,2026-09-16 15:00:00+10:00,cp_d1_1500,PH-20455,KONG Classic Dog Toy Medium,STR-PAR,6,6,0,6,0,0,equal,2026-09-16 00:00:00+10:00,2026-09-16 00:00:00+10:00,2026-09-16 05:00:00+10:00,valid,valid
cp_d1_1500,2026-09-16 15:00:00+10:00,cp_d1_1500,PH-30710,Feline Greenies Dental Treats Chicken,STR-PAR,12,12,0,12,0,0,equal,2026-09-16 00:00:00+10:00,2026-09-16 00:00:00+10:00,2026-09-16 05:00:00+10:00,valid,valid
