checkpoint_code,observed_at,order_id,line_id,placed_at,sku,pickup_location_code,effective_status,requested_quantity,allocated_quantity,line_shortfall_quantity,is_at_risk,cancellation_reason,cancelled_at,is_stock_related_cancellation
m_d1_1000,2026-09-16 10:00:00+10:00,W-3201,1,2026-09-16 09:00:00+10:00,PH-10231,STR-CHA,awaiting_pick,2,2,0,False,,,
m_d1_1000,2026-09-16 10:00:00+10:00,W-3001,1,2026-09-16 10:00:00+10:00,PH-20455,STR-PAR,awaiting_pick,3,3,0,False,,,
m_d1_1100,2026-09-16 11:00:00+10:00,W-3201,1,2026-09-16 09:00:00+10:00,PH-10231,STR-CHA,awaiting_pick,2,2,0,False,,,
m_d1_1100,2026-09-16 11:00:00+10:00,W-3001,1,2026-09-16 10:00:00+10:00,PH-20455,STR-PAR,cancelled,3,,,,customer_request,2026-09-16 11:00:00+10:00,False
m_d1_1100,2026-09-16 11:00:00+10:00,W-3099,1,2026-09-16 11:00:00+10:00,PH-10231,STR-NEW,awaiting_pick,1,1,0,False,,,
m_d1_1100,2026-09-16 11:00:00+10:00,W-3105,1,2026-09-16 11:00:00+10:00,PH-10231,STR-NEW,awaiting_pick,1,0,1,True,,,
m_d1_1200,2026-09-16 12:00:00+10:00,W-3201,1,2026-09-16 09:00:00+10:00,PH-10231,STR-CHA,awaiting_pick,2,2,0,False,,,
m_d1_1200,2026-09-16 12:00:00+10:00,W-3001,1,2026-09-16 10:00:00+10:00,PH-20455,STR-PAR,cancelled,3,,,,customer_request,2026-09-16 11:00:00+10:00,False
m_d1_1200,2026-09-16 12:00:00+10:00,W-3099,1,2026-09-16 11:00:00+10:00,PH-10231,STR-NEW,awaiting_pick,1,1,0,False,,,
m_d1_1200,2026-09-16 12:00:00+10:00,W-3105,1,2026-09-16 11:00:00+10:00,PH-10231,STR-NEW,awaiting_pick,1,0,1,True,,,
m_recon_d1_1200,2026-09-16 12:00:00+10:00,W-3201,1,2026-09-16 09:00:00+10:00,PH-10231,STR-CHA,awaiting_pick,2,2,0,False,,,
m_recon_d1_1200,2026-09-16 12:00:00+10:00,W-3001,1,2026-09-16 10:00:00+10:00,PH-20455,STR-PAR,cancelled,3,,,,customer_request,2026-09-16 11:00:00+10:00,False
m_recon_d1_1200,2026-09-16 12:00:00+10:00,W-3099,1,2026-09-16 11:00:00+10:00,PH-10231,STR-NEW,awaiting_pick,1,1,0,False,,,
m_recon_d1_1200,2026-09-16 12:00:00+10:00,W-3105,1,2026-09-16 11:00:00+10:00,PH-10231,STR-NEW,awaiting_pick,1,0,1,True,,,
m_d1_1300,2026-09-16 13:00:00+10:00,W-3201,1,2026-09-16 09:00:00+10:00,PH-10231,STR-CHA,ready,2,2,0,False,,,
m_d1_1300,2026-09-16 13:00:00+10:00,W-3001,1,2026-09-16 10:00:00+10:00,PH-20455,STR-PAR,cancelled,3,,,,customer_request,2026-09-16 11:00:00+10:00,False
m_d1_1300,2026-09-16 13:00:00+10:00,W-3099,1,2026-09-16 11:00:00+10:00,PH-10231,STR-NEW,awaiting_pick,1,1,0,False,,,
m_d1_1300,2026-09-16 13:00:00+10:00,W-3105,1,2026-09-16 11:00:00+10:00,PH-10231,STR-NEW,awaiting_pick,1,0,1,True,,,
m_d1_1400,2026-09-16 14:00:00+10:00,W-3201,1,2026-09-16 09:00:00+10:00,PH-10231,STR-CHA,ready,2,2,0,False,,,
m_d1_1400,2026-09-16 14:00:00+10:00,W-3001,1,2026-09-16 10:00:00+10:00,PH-20455,STR-PAR,cancelled,3,,,,customer_request,2026-09-16 11:00:00+10:00,False
m_d1_1400,2026-09-16 14:00:00+10:00,W-3099,1,2026-09-16 11:00:00+10:00,PH-10231,STR-NEW,awaiting_pick,1,1,0,False,,,
m_d1_1400,2026-09-16 14:00:00+10:00,W-3105,1,2026-09-16 11:00:00+10:00,PH-10231,STR-NEW,awaiting_pick,1,0,1,True,,,
m_d1_1600,2026-09-16 16:00:00+10:00,W-3201,1,2026-09-16 09:00:00+10:00,PH-10231,STR-CHA,ready,2,2,0,False,,,
m_d1_1600,2026-09-16 16:00:00+10:00,W-3001,1,2026-09-16 10:00:00+10:00,PH-20455,STR-PAR,cancelled,3,,,,customer_request,2026-09-16 11:00:00+10:00,False
m_d1_1600,2026-09-16 16:00:00+10:00,W-3099,1,2026-09-16 11:00:00+10:00,PH-10231,STR-NEW,awaiting_pick,1,1,0,False,,,
m_d1_1600,2026-09-16 16:00:00+10:00,W-3105,1,2026-09-16 11:00:00+10:00,PH-10231,STR-NEW,awaiting_pick,1,0,1,True,,,
m_d2_0100,2026-09-17 01:00:00+10:00,W-3201,1,2026-09-16 09:00:00+10:00,PH-10231,STR-CHA,collected,2,,,,,,
m_d2_0100,2026-09-17 01:00:00+10:00,W-3001,1,2026-09-16 10:00:00+10:00,PH-20455,STR-PAR,cancelled,3,,,,customer_request,2026-09-16 11:00:00+10:00,False
m_d2_0100,2026-09-17 01:00:00+10:00,W-3099,1,2026-09-16 11:00:00+10:00,PH-10231,STR-NEW,awaiting_pick,1,1,0,False,,,
m_d2_0100,2026-09-17 01:00:00+10:00,W-3105,1,2026-09-16 11:00:00+10:00,PH-10231,STR-NEW,awaiting_pick,1,0,1,True,,,
m_d2_0500,2026-09-17 05:00:00+10:00,W-3201,1,2026-09-16 09:00:00+10:00,PH-10231,STR-CHA,collected,2,,,,,,
m_d2_0500,2026-09-17 05:00:00+10:00,W-3001,1,2026-09-16 10:00:00+10:00,PH-20455,STR-PAR,cancelled,3,,,,customer_request,2026-09-16 11:00:00+10:00,False
m_d2_0500,2026-09-17 05:00:00+10:00,W-3099,1,2026-09-16 11:00:00+10:00,PH-10231,STR-NEW,awaiting_pick,1,1,0,False,,,
m_d2_0500,2026-09-17 05:00:00+10:00,W-3105,1,2026-09-16 11:00:00+10:00,PH-10231,STR-NEW,awaiting_pick,1,0,1,True,,,
