checkpoint_code,observed_at,website_copy_id,website_snapshot_cutoff_at,website_copied_at,website_basis_age,website_copy_age,website_copy_lag
m_d1_0500,2026-09-16 05:00:00+10:00,WEB-20260916,2026-09-16 00:00:00+10:00,2026-09-16 05:00:00+10:00,5:00:00,0:00:00,5:00:00
m_d1_1000,2026-09-16 10:00:00+10:00,WEB-20260916,2026-09-16 00:00:00+10:00,2026-09-16 05:00:00+10:00,10:00:00,5:00:00,5:00:00
m_d1_1100,2026-09-16 11:00:00+10:00,WEB-20260916,2026-09-16 00:00:00+10:00,2026-09-16 05:00:00+10:00,11:00:00,6:00:00,5:00:00
m_d1_1200,2026-09-16 12:00:00+10:00,WEB-20260916,2026-09-16 00:00:00+10:00,2026-09-16 05:00:00+10:00,12:00:00,7:00:00,5:00:00
m_recon_d1_1200,2026-09-16 12:00:00+10:00,WEB-20260916,2026-09-16 00:00:00+10:00,2026-09-16 05:00:00+10:00,12:00:00,7:00:00,5:00:00
m_d1_1300,2026-09-16 13:00:00+10:00,WEB-20260916,2026-09-16 00:00:00+10:00,2026-09-16 05:00:00+10:00,13:00:00,8:00:00,5:00:00
m_d1_1400,2026-09-16 14:00:00+10:00,WEB-20260916,2026-09-16 00:00:00+10:00,2026-09-16 05:00:00+10:00,14:00:00,9:00:00,5:00:00
m_d1_1600,2026-09-16 16:00:00+10:00,WEB-20260916,2026-09-16 00:00:00+10:00,2026-09-16 05:00:00+10:00,16:00:00,11:00:00,5:00:00
m_d2_0100,2026-09-17 01:00:00+10:00,WEB-20260916,2026-09-16 00:00:00+10:00,2026-09-16 05:00:00+10:00,"1 day, 1:00:00",20:00:00,5:00:00
m_d2_0500,2026-09-17 05:00:00+10:00,WEB-20260917,2026-09-17 00:00:00+10:00,2026-09-17 05:00:00+10:00,5:00:00,0:00:00,5:00:00
