run_code,source_as_of_at,status,summary_error,rule_code,severity,source_reference,message
m_d1_0500,2026-09-16 05:00:00+10:00,succeeded,,,,,
m_d1_1000,2026-09-16 10:00:00+10:00,succeeded,,,,,
m_d1_1100,2026-09-16 11:00:00+10:00,succeeded,,,,,
m_d1_1200,2026-09-16 12:00:00+10:00,succeeded,,,,,
m_d1_1300,2026-09-16 13:00:00+10:00,succeeded,,,,,
m_d1_1400,2026-09-16 14:00:00+10:00,succeeded,,,,,
m_d1_1600,2026-09-16 16:00:00+10:00,succeeded,,,,,
m_d2_0100,2026-09-17 01:00:00+10:00,succeeded,,,,,
m_d2_0500,2026-09-17 05:00:00+10:00,succeeded,,,,,
