event_kind,source_identity,event_detail,sku,location_code,occurred_at,source_recorded_at,first_load_run_code,scenario_published_at,simulated_delay,simulated_delay_label,extract_started_at,warehouse_loaded_at,published_at,actual_load_runtime
order_status,online:status:E-1001-1:0,W-1001 new -> awaiting_pick,,,2026-09-16 09:30:00+10:00,2026-09-16 09:30:00+10:00,cp_d1_0930,2026-09-16 09:30:00+10:00,0:00:00,simulated (scenario checkpoint time minus event time),2026-10-01 15:23:01.315905+10:00,2026-10-01 15:23:01.385155+10:00,2026-10-01 15:23:01.408184+10:00,0:00:00.095906
order_status,online:status:E-1001-2:0,W-1001 awaiting_pick -> ready,,,2026-09-16 09:50:00+10:00,2026-09-16 09:50:00+10:00,cp_d1_1400,2026-09-16 14:00:00+10:00,4:10:00,simulated (scenario checkpoint time minus event time),2026-10-01 15:23:01.493034+10:00,2026-10-01 15:23:01.552080+10:00,2026-10-01 15:23:01.579587+10:00,0:00:00.092917
physical_movement,store_sales:sale:S-0123-0001:1,store_sale,PH-10231,STR-PAR,2026-09-16 10:15:00+10:00,2026-09-16 10:15:00+10:00,cp_d1_1400,2026-09-16 14:00:00+10:00,3:45:00,simulated (scenario checkpoint time minus event time),2026-10-01 15:23:01.493034+10:00,2026-10-01 15:23:01.552080+10:00,2026-10-01 15:23:01.579587+10:00,0:00:00.092917
physical_movement,store_sales:sale:S-0145-0001:1,store_sale,PH-20455,STR-CHA,2026-09-16 11:05:00+10:00,2026-09-16 11:05:00+10:00,cp_d1_1400,2026-09-16 14:00:00+10:00,2:55:00,simulated (scenario checkpoint time minus event time),2026-10-01 15:23:01.493034+10:00,2026-10-01 15:23:01.552080+10:00,2026-10-01 15:23:01.579587+10:00,0:00:00.092917
physical_movement,store_sales:sale:S-0123-0002:1,store_sale,PH-10231,STR-PAR,2026-09-16 11:40:00+10:00,2026-09-16 11:40:00+10:00,cp_d1_1400,2026-09-16 14:00:00+10:00,2:20:00,simulated (scenario checkpoint time minus event time),2026-10-01 15:23:01.493034+10:00,2026-10-01 15:23:01.552080+10:00,2026-10-01 15:23:01.579587+10:00,0:00:00.092917
physical_movement,store_sales:sale:S-0123-0003:1,store_sale,PH-10231,STR-PAR,2026-09-16 12:30:00+10:00,2026-09-16 12:30:00+10:00,cp_d1_1400,2026-09-16 14:00:00+10:00,1:30:00,simulated (scenario checkpoint time minus event time),2026-10-01 15:23:01.493034+10:00,2026-10-01 15:23:01.552080+10:00,2026-10-01 15:23:01.579587+10:00,0:00:00.092917
physical_movement,store_sales:sale:S-0123-0004:1,store_sale,PH-10231,STR-PAR,2026-09-16 13:50:00+10:00,2026-09-16 13:50:00+10:00,cp_d1_1400,2026-09-16 14:00:00+10:00,0:10:00,simulated (scenario checkpoint time minus event time),2026-10-01 15:23:01.493034+10:00,2026-10-01 15:23:01.552080+10:00,2026-10-01 15:23:01.579587+10:00,0:00:00.092917
order_status,online:status:E-1002-1:0,W-1002 new -> awaiting_pick,,,2026-09-16 15:00:00+10:00,2026-09-16 15:00:00+10:00,cp_d1_1500,2026-09-16 15:00:00+10:00,0:00:00,simulated (scenario checkpoint time minus event time),2026-10-01 15:23:01.608097+10:00,2026-10-01 15:23:01.635547+10:00,2026-10-01 15:23:01.644810+10:00,0:00:00.039921
order_status,online:status:E-1002-2:0,W-1002 awaiting_pick -> cancelled,,,2026-09-16 15:45:00+10:00,2026-09-16 15:45:00+10:00,cp_d1_1545,2026-09-16 15:45:00+10:00,0:00:00,simulated (scenario checkpoint time minus event time),2026-10-01 15:23:01.721631+10:00,2026-10-01 15:23:01.740355+10:00,2026-10-01 15:23:01.746832+10:00,0:00:00.028927
